{"cameraMode":{"drawMode":0,"name":"Shaded","section":"Shading Mode"},"sceneLighting":false,"audioPlay":false,"sceneViewState":{"showFog":true,"showMaterialUpdate":true,"showSkybox":false,"showFlares":true,"showImageEffects":true,"showParticleSystems":true},"in2DMode":false,"pivot":{"x":1.5,"y":0.4999995231628418,"z":-1.4999995231628419},"rotation":{"x":0.22230546176433564,"y":-0.4745524227619171,"z":0.1252247393131256,"w":0.842441737651825},"size":2.1794650554656984,"orthographic":false}