{"cameraMode":{"drawMode":0,"name":"Shaded","section":"Shading Mode"},"sceneLighting":false,"audioPlay":false,"sceneViewState":{"showFog":true,"showMaterialUpdate":true,"showSkybox":false,"showFlares":true,"showImageEffects":true,"showParticleSystems":true},"in2DMode":false,"pivot":{"x":-1.7349960803985596,"y":-0.06999501585960388,"z":1.189995527267456},"rotation":{"x":0.2886848747730255,"y":-0.18238581717014314,"z":0.05611826479434967,"w":0.9382197856903076},"size":12.609155654907227,"orthographic":false}