{"cameraMode":{"drawMode":0,"name":"Shaded","section":"Shading Mode"},"sceneLighting":true,"audioPlay":false,"sceneViewState":{"showFog":true,"showMaterialUpdate":true,"showSkybox":true,"showFlares":true,"showImageEffects":true,"showParticleSystems":true},"in2DMode":false,"pivot":{"x":-46.7599983215332,"y":4.283863544464111,"z":-29.581340789794923},"rotation":{"x":0.1903466135263443,"y":-0.39880892634391787,"z":0.08500046283006668,"w":0.8930395245552063},"size":18.144100189208986,"orthographic":false}