{"cameraMode":{"drawMode":0,"name":"Shaded","section":"Shading Mode"},"sceneLighting":false,"audioPlay":false,"sceneViewState":{"showFog":true,"showMaterialUpdate":true,"showSkybox":false,"showFlares":true,"showImageEffects":true,"showParticleSystems":true},"in2DMode":false,"pivot":{"x":11.569823265075684,"y":0.07800006866455078,"z":-2.055903911590576},"rotation":{"x":0.2886848747730255,"y":-0.18238581717014314,"z":0.05611826479434967,"w":0.9382197856903076},"size":7.892268657684326,"orthographic":false}