{"cameraMode":{"drawMode":0,"name":"Shaded","section":"Shading Mode"},"sceneLighting":true,"audioPlay":false,"sceneViewState":{"showFog":true,"showMaterialUpdate":true,"showSkybox":true,"showFlares":true,"showImageEffects":true,"showParticleSystems":true},"in2DMode":false,"pivot":{"x":19.596345901489259,"y":1.1700000762939454,"z":-47.06698226928711},"rotation":{"x":0.30257007479667666,"y":-0.5693057179450989,"z":0.23701751232147218,"w":0.7267655730247498},"size":107.54951477050781,"orthographic":false}