{"cameraMode":{"drawMode":0,"name":"Shaded","section":"Shading Mode"},"sceneLighting":false,"audioPlay":false,"sceneViewState":{"showFog":true,"showMaterialUpdate":true,"showSkybox":false,"showFlares":true,"showImageEffects":true,"showParticleSystems":true},"in2DMode":false,"pivot":{"x":17.14389419555664,"y":2.197126865386963,"z":-6.292266845703125},"rotation":{"x":0.2886848747730255,"y":-0.18238581717014314,"z":0.05611826479434967,"w":0.9382197856903076},"size":9.572368621826172,"orthographic":false}