{"cameraMode":{"drawMode":0,"name":"Shaded","section":"Shading Mode"},"sceneLighting":true,"audioPlay":false,"sceneViewState":{"showFog":true,"showMaterialUpdate":true,"showSkybox":true,"showFlares":true,"showImageEffects":true,"showParticleSystems":true},"in2DMode":false,"pivot":{"x":91.91644287109375,"y":23.433849334716798,"z":-1.6545301675796509},"rotation":{"x":-0.20874693989753724,"y":-0.6670626401901245,"z":0.20306506752967835,"w":-0.6857437491416931},"size":141.34341430664063,"orthographic":false}