{"cameraMode":{"drawMode":0,"name":"Shaded","section":"Shading Mode"},"sceneLighting":false,"audioPlay":false,"sceneViewState":{"showFog":true,"showMaterialUpdate":true,"showSkybox":false,"showFlares":true,"showImageEffects":true,"showParticleSystems":true},"in2DMode":false,"pivot":{"x":-2.197080612182617,"y":0.1322774887084961,"z":9.388530731201172},"rotation":{"x":0.2886848747730255,"y":-0.18238581717014314,"z":0.05611826479434967,"w":0.9382197856903076},"size":16.624258041381837,"orthographic":false}