{"cameraMode":{"drawMode":0,"name":"Shaded","section":"Shading Mode"},"sceneLighting":true,"audioPlay":false,"sceneViewState":{"showFog":true,"showMaterialUpdate":true,"showSkybox":true,"showFlares":true,"showImageEffects":true,"showParticleSystems":true},"in2DMode":false,"pivot":{"x":2.0584845542907717,"y":25.939598083496095,"z":-47.76439666748047},"rotation":{"x":-0.20874693989753724,"y":-0.6670626401901245,"z":0.20306506752967835,"w":-0.6857437491416931},"size":47.18074417114258,"orthographic":false}