{"cameraMode":{"drawMode":0,"name":"Shaded","section":"Shading Mode"},"sceneLighting":false,"audioPlay":false,"sceneViewState":{"showFog":true,"showMaterialUpdate":true,"showSkybox":false,"showFlares":true,"showImageEffects":true,"showParticleSystems":true},"in2DMode":false,"pivot":{"x":-8.145502090454102,"y":1.125,"z":-3.875002145767212},"rotation":{"x":0.2886848747730255,"y":-0.18238581717014314,"z":0.05611826479434967,"w":0.9382197856903076},"size":9.090144157409668,"orthographic":false}