{"cameraMode":{"drawMode":0,"name":"Shaded","section":"Shading Mode"},"sceneLighting":true,"audioPlay":false,"sceneViewState":{"showFog":true,"showMaterialUpdate":true,"showSkybox":true,"showFlares":true,"showImageEffects":true,"showParticleSystems":true},"in2DMode":false,"pivot":{"x":-46.7599983215332,"y":6.661349773406982,"z":-29.935991287231447},"rotation":{"x":0.32239407300949099,"y":-0.5746438503265381,"z":0.2628503739833832,"w":0.704825758934021},"size":25.35784149169922,"orthographic":false}