{"cameraMode":{"drawMode":0,"name":"Shaded","section":"Shading Mode"},"sceneLighting":true,"audioPlay":false,"sceneViewState":{"showFog":true,"showMaterialUpdate":true,"showSkybox":true,"showFlares":true,"showImageEffects":true,"showParticleSystems":true},"in2DMode":false,"pivot":{"x":0.0,"y":1.1700000762939454,"z":2.9200000762939455},"rotation":{"x":0.24430349469184876,"y":-0.2188054770231247,"z":0.05668705701828003,"w":0.9429889917373657},"size":31.225425720214845,"orthographic":false}